Domain Name,Ontology Domain,capability l1 name,capability l2 name,capability l3 name,capability l4 name
Market Data Management,Markets and Money,Investment Operations,,,
Market Data Management,Markets and Money,Investment Operations,Market Data Management,,
Market Data Management,Markets and Money,Investment Operations,Performance Measurement,,
Market Data Management,Markets and Money,Investment Operations,NAV Management,Accounting,
Market Data Management,Markets and Money,Investment Operations,Investible Cash Management,,
Market Data Management,Markets and Money,Investment Operations,Positions Management,,
Market Data Management,Markets and Money,Investment Operations,Advisory Services,Commissions,
Market Data Management,Markets and Money,Investment Operations,Tax,,
Market Data Management,Markets and Money,Investment Operations,Regulatory Reporting,,
Market Data Management,Markets and Money,Investment Operations,NAV Management,,
Market Data Management,Markets and Money,Investment Operations,NAV Management,Pricing,
Market Data Management,Markets and Money,Investment Operations,NAV Management,Transfer Agents Accounting & Control,
Money Movement,Markets and Money,,,,
Digital Assets,Markets and Money,Investment Management,Investment Research,,
Digital Assets,Markets and Money,Investment Management,Shared Software & Technology,,
Digital Assets,Markets and Money,Investment Management,Digital Asset Management,,
Digital Assets,Markets and Money,Investment Management,Shared Software & Technology,Data Management,
Digital Assets,Markets and Money,Investment Management,Shared Software & Technology,User Experience Management,User Notification
Digital Assets,Markets and Money,Investment Management,Portfolio Management,,
Digital Assets,Markets and Money,Investment Management,Managed Account Management,,
Digital Assets,Markets and Money,Investment Management,Fund Oversight,,
Digital Assets,Markets and Money,Investment Management,Investment Trade Management,,
Digital Assets,Markets and Money,Investment Management,Shared Software & Technology,Analytics & Insights,
Digital Assets,Markets and Money,Investment Management,Shared Software & Technology,Data Management,Data Quality Management
Digital Assets,Markets and Money,Investment Management,Investment Compliance,,
Digital Assets,Markets and Money,Investment Management,Shared Software & Technology,Data Integration,
Digital Assets,Markets and Money,Investment Management,Investment Trade Management,Securities Lending,Securities Lending Inventory Management
Digital Assets,Markets and Money,Investment Management,Investment Risk Management,,
Digital Assets,Markets and Money,Investment Management,Shared Software & Technology,Data Access,
Digital Assets,Markets and Money,Investment Management,Alternatives Management,,
Financial Plan Management,Planning and Guidance,,,,
Household Management,Planning and Guidance,,,,
Benefits Management,Planning and Guidance,Benefits Management,Shared Software & Technology,Benefits Management User Experiences,
Benefits Management,Planning and Guidance,Benefits Management,Workplace Advisory Services,,
Benefits Management,Planning and Guidance,Benefits Management,Benefits Design & Implementation,Benefits Plan Design Management,
Benefits Management,Planning and Guidance,Benefits Management,Benefits Participation Management,Benefits Participant Relationship Management,
Benefits Management,Planning and Guidance,Benefits Management,Benefits Design & Implementation,Benefits Guidance & Education,
Benefits Management,Planning and Guidance,Benefits Management,Benefits Contributions Management,,
Benefits Management,Planning and Guidance,Benefits Management,Benefits Exceptions Management,,
Benefits Management,Planning and Guidance,Benefits Management,Benefits Financial Operations,Benefits Management Utilities,
Benefits Management,Planning and Guidance,Benefits Management,Benefits Third Party Services Management,,
Benefits Management,Planning and Guidance,Benefits Management,Benefits Financial Operations,,
Benefits Management,Planning and Guidance,Benefits Management,Benefits Assets Management,,
Benefits Management,Planning and Guidance,Benefits Management,Payroll Integration Management,,
Benefits Management,Planning and Guidance,Benefits Management,Benefits Record Keeping,,
Benefits Management,Planning and Guidance,Benefits Management,Benefits Design & Implementation,,
Benefits Management,Planning and Guidance,Benefits Management,Benefits Assets Management,Benefits Portfolio Management,
Benefits Management,Planning and Guidance,Benefits Management,Benefits Assets Management,Managed Retirement Accounts,Advisor Elections
Benefits Management,Planning and Guidance,Benefits Management,Benefits Assets Management,Benefits Portfolio Management,Investment Elections
Benefits Management,Planning and Guidance,Benefits Management,Benefits Assets Management,Managed Retirement Accounts,
Benefits Management,Planning and Guidance,Benefits Management,Benefits Participation Management,,
Benefits Management,Planning and Guidance,Benefits Management,Benefits Management Analytics & Reporting,,
Benefits Management,Planning and Guidance,Benefits Management,Benefits Distributions Management,,
Benefits Management,Planning and Guidance,Benefits Management,Benefits Design & Implementation,Business Rules Management,
Benefits Management,Planning and Guidance,Benefits Management,Benefits Compliance Management,,
Benefits Management,Planning and Guidance,Benefits Management,Shared Software & Technology,,
Benefits Management,Planning and Guidance,Benefits Management,Client Management,,
Benefits Management,Planning and Guidance,Benefits Management,Benefits Financial Operations,Investment Operations,
Benefits Management,Planning and Guidance,Benefits Management,Benefits Financial Operations,Fee & Billing,
Benefits Management,Planning and Guidance,Benefits Management,Equity Compensation Management,,
Benefits Management,Planning and Guidance,Benefits Management,Debt Servicing,,
Benefits Management,Planning and Guidance,Benefits Management,Benefits Record Keeping,Account Maintenance,
Benefits Management,Planning and Guidance,Benefits Management,Fiduciary Services Management,,
Benefits Management,Planning and Guidance,Benefits Management,Benefits Record Keeping,Bookkeeping,
Benefits Management,Planning and Guidance,Benefits Management,Benefits Distributions Management,Plan Loan Services,
Benefits Management,Planning and Guidance,Benefits Management,Benefits Participation Management,Benefits Eligibility Determination,
Benefits Management,Planning and Guidance,Benefits Management,Benefits Communications,Guidance & Notifications,
Benefits Management,Planning and Guidance,Benefits Management,Benefits Payments Management,Health Digital Payments Management,
Benefits Management,Planning and Guidance,Benefits Management,Benefits Claim Management,,
Benefits Management,Planning and Guidance,Benefits Management,Benefits Enrollment,Benefits Modeling & Recommendation,
Plan Management,Planning and Guidance,Benefits Management,Shared Software & Technology,Benefits Management User Experiences,
Plan Management,Planning and Guidance,Benefits Management,Workplace Advisory Services,,
Plan Management,Planning and Guidance,Benefits Management,Benefits Design & Implementation,Benefits Plan Design Management,
Plan Management,Planning and Guidance,Benefits Management,Benefits Participation Management,Benefits Participant Relationship Management,
Plan Management,Planning and Guidance,Benefits Management,Benefits Design & Implementation,Benefits Guidance & Education,
Plan Management,Planning and Guidance,Benefits Management,Benefits Contributions Management,,
Plan Management,Planning and Guidance,Benefits Management,Benefits Exceptions Management,,
Plan Management,Planning and Guidance,Benefits Management,Benefits Financial Operations,Benefits Management Utilities,
Plan Management,Planning and Guidance,Benefits Management,Benefits Third Party Services Management,,
Plan Management,Planning and Guidance,Benefits Management,Benefits Financial Operations,,
Plan Management,Planning and Guidance,Benefits Management,Benefits Assets Management,,
Plan Management,Planning and Guidance,Benefits Management,Payroll Integration Management,,
Plan Management,Planning and Guidance,Benefits Management,Benefits Record Keeping,,
Plan Management,Planning and Guidance,Benefits Management,Benefits Design & Implementation,,
Plan Management,Planning and Guidance,Benefits Management,Benefits Assets Management,Benefits Portfolio Management,
Plan Management,Planning and Guidance,Benefits Management,Benefits Assets Management,Managed Retirement Accounts,Advisor Elections
Plan Management,Planning and Guidance,Benefits Management,Benefits Assets Management,Benefits Portfolio Management,Investment Elections
Plan Management,Planning and Guidance,Benefits Management,Benefits Assets Management,Managed Retirement Accounts,
Plan Management,Planning and Guidance,Benefits Management,Benefits Participation Management,,
Plan Management,Planning and Guidance,Benefits Management,Benefits Management Analytics & Reporting,,
Plan Management,Planning and Guidance,Benefits Management,Benefits Distributions Management,,
Plan Management,Planning and Guidance,Benefits Management,Benefits Design & Implementation,Business Rules Management,
Plan Management,Planning and Guidance,Benefits Management,Benefits Compliance Management,,
Plan Management,Planning and Guidance,Benefits Management,Shared Software & Technology,,
Plan Management,Planning and Guidance,Benefits Management,Client Management,,
Plan Management,Planning and Guidance,Benefits Management,Benefits Financial Operations,Investment Operations,
Plan Management,Planning and Guidance,Benefits Management,Benefits Financial Operations,Fee & Billing,
Plan Management,Planning and Guidance,Benefits Management,Equity Compensation Management,,
Plan Management,Planning and Guidance,Benefits Management,Debt Servicing,,
Plan Management,Planning and Guidance,Benefits Management,Benefits Record Keeping,Account Maintenance,
Plan Management,Planning and Guidance,Benefits Management,Fiduciary Services Management,,
Plan Management,Planning and Guidance,Benefits Management,Benefits Record Keeping,Bookkeeping,
Plan Management,Planning and Guidance,Benefits Management,Benefits Distributions Management,Plan Loan Services,
Plan Management,Planning and Guidance,Benefits Management,Benefits Participation Management,Benefits Eligibility Determination,
Plan Management,Planning and Guidance,Benefits Management,Benefits Communications,Guidance & Notifications,
Plan Management,Planning and Guidance,Benefits Management,Benefits Payments Management,Health Digital Payments Management,
Plan Management,Planning and Guidance,Benefits Management,Benefits Claim Management,,
Plan Management,Planning and Guidance,Benefits Management,Benefits Enrollment,Benefits Modeling & Recommendation,
Product & Services,Planning and Guidance,Benefits Management,Shared Software & Technology,Benefits Management User Experiences,
Product & Services,Planning and Guidance,Benefits Management,Workplace Advisory Services,,
Product & Services,Planning and Guidance,Benefits Management,Benefits Design & Implementation,Benefits Plan Design Management,
Product & Services,Planning and Guidance,Benefits Management,Benefits Participation Management,Benefits Participant Relationship Management,
Product & Services,Planning and Guidance,Benefits Management,Benefits Design & Implementation,Benefits Guidance & Education,
Product & Services,Planning and Guidance,Benefits Management,Benefits Contributions Management,,
Product & Services,Planning and Guidance,Benefits Management,Benefits Exceptions Management,,
Product & Services,Planning and Guidance,Benefits Management,Benefits Financial Operations,Benefits Management Utilities,
Product & Services,Planning and Guidance,Benefits Management,Benefits Third Party Services Management,,
Product & Services,Planning and Guidance,Benefits Management,Benefits Financial Operations,,
Product & Services,Planning and Guidance,Benefits Management,Benefits Assets Management,,
Product & Services,Planning and Guidance,Benefits Management,Payroll Integration Management,,
Product & Services,Planning and Guidance,Benefits Management,Benefits Record Keeping,,
Product & Services,Planning and Guidance,Benefits Management,Benefits Design & Implementation,,
Product & Services,Planning and Guidance,Benefits Management,Benefits Assets Management,Benefits Portfolio Management,
Product & Services,Planning and Guidance,Benefits Management,Benefits Assets Management,Managed Retirement Accounts,Advisor Elections
Product & Services,Planning and Guidance,Benefits Management,Benefits Assets Management,Benefits Portfolio Management,Investment Elections
Product & Services,Planning and Guidance,Benefits Management,Benefits Assets Management,Managed Retirement Accounts,
Product & Services,Planning and Guidance,Benefits Management,Benefits Participation Management,,
Product & Services,Planning and Guidance,Benefits Management,Benefits Management Analytics & Reporting,,
Product & Services,Planning and Guidance,Benefits Management,Benefits Distributions Management,,
Product & Services,Planning and Guidance,Benefits Management,Benefits Design & Implementation,Business Rules Management,
Product & Services,Planning and Guidance,Benefits Management,Benefits Compliance Management,,
Product & Services,Planning and Guidance,Benefits Management,Shared Software & Technology,,
Product & Services,Planning and Guidance,Benefits Management,Client Management,,
Product & Services,Planning and Guidance,Benefits Management,Benefits Financial Operations,Investment Operations,
Product & Services,Planning and Guidance,Benefits Management,Benefits Financial Operations,Fee & Billing,
Product & Services,Planning and Guidance,Benefits Management,Equity Compensation Management,,
Product & Services,Planning and Guidance,Benefits Management,Debt Servicing,,
Product & Services,Planning and Guidance,Benefits Management,Benefits Record Keeping,Account Maintenance,
Product & Services,Planning and Guidance,Benefits Management,Fiduciary Services Management,,
Product & Services,Planning and Guidance,Benefits Management,Benefits Record Keeping,Bookkeeping,
Product & Services,Planning and Guidance,Benefits Management,Benefits Distributions Management,Plan Loan Services,
Product & Services,Planning and Guidance,Benefits Management,Benefits Participation Management,Benefits Eligibility Determination,
Product & Services,Planning and Guidance,Benefits Management,Benefits Communications,Guidance & Notifications,
Product & Services,Planning and Guidance,Benefits Management,Benefits Payments Management,Health Digital Payments Management,
Product & Services,Planning and Guidance,Benefits Management,Benefits Claim Management,,
Product & Services,Planning and Guidance,Benefits Management,Benefits Enrollment,Benefits Modeling & Recommendation,
Marketing and Offer Management,Planning and Guidance,,,,
Financial Assessments,Planning and Guidance,,,,
Retail Wealth Management,Investment Servicing,,,,
Retail Brokerage Services,Investment Servicing,Retail Brokerage Services,Retail Brokerage Client Experience,,
Retail Brokerage Services,Investment Servicing,Retail Brokerage Services,,,
Retail Brokerage Services,Investment Servicing,Retail Brokerage Services,Retail Brokerage Shared Software & Technologies,,
Retail Brokerage Services,Investment Servicing,Retail Brokerage Services,Portfolio Aggregation Services,,
Retail Brokerage Services,Investment Servicing,Retail Brokerage Services,Retail Digital Asset Services,,
Retail Brokerage Services,Investment Servicing,Retail Brokerage Services,Retail Brokerage Account Management,,
Retail Brokerage Services,Investment Servicing,Retail Brokerage Services,Retail Brokerage Money Movement,,
Retail Brokerage Services,Investment Servicing,Retail Brokerage Services,Portfolio Monitoring,Lending Services,
Retail Brokerage Services,Investment Servicing,Retail Brokerage Services,Crypto,Money Movement,
Retail Brokerage Services,Investment Servicing,Retail Brokerage Services,Retail Brokerage Business Analytics & Reporting,,
Retail Brokerage Services,Investment Servicing,Retail Brokerage Services,Retail Brokerage Investment Research,,
Retail Brokerage Services,Investment Servicing,Retail Brokerage Services,Retail Brokerage Account Opening,,
Calculator Management,Investment Servicing,,,,
Account Management and Recordkeeping,Investment Servicing,,,,
Brokerage Asset Servicing,Investment Servicing,Brokerage Recordkeeping Services,Common Services & Utilities Management,,
Brokerage Asset Servicing,Investment Servicing,Brokerage Recordkeeping Services,Post Trade Processing Management,Trade Processing Management,
Brokerage Asset Servicing,Investment Servicing,Brokerage Recordkeeping Services,Shared Software & Technology,,
Brokerage Asset Servicing,Investment Servicing,Brokerage Recordkeeping Services,Post Trade Processing Management,Margin & Risk Management,
Brokerage Asset Servicing,Investment Servicing,Brokerage Recordkeeping Services,Transaction Management,Trade Management,
Brokerage Asset Servicing,Investment Servicing,Brokerage Recordkeeping Services,Transaction Management,Transfer of Assets (TOA),
Brokerage Asset Servicing,Investment Servicing,Brokerage Recordkeeping Services,Transaction Management,Alternative Investment Processing,
Brokerage Asset Servicing,Investment Servicing,Brokerage Recordkeeping Services,Transaction Management,Corporate Actions Management,
Brokerage Asset Servicing,Investment Servicing,Brokerage Recordkeeping Services,Brokerage Operations,,
Brokerage Asset Servicing,Investment Servicing,Brokerage Recordkeeping Services,Analytics & Reporting,,
Brokerage Asset Servicing,Investment Servicing,Brokerage Recordkeeping Services,Transaction Management,,
Brokerage Asset Servicing,Investment Servicing,Brokerage Recordkeeping Services,Post Trade Processing Management,Tax Services Management,
Brokerage Asset Servicing,Investment Servicing,Brokerage Recordkeeping Services,Transaction Management,Mutual Fund Processing,
Brokerage Asset Servicing,Investment Servicing,Brokerage Recordkeeping Services,Common Services & Utilities Management,Security Information Management,
Brokerage Asset Servicing,Investment Servicing,Brokerage Recordkeeping Services,Common Services & Utilities Management,Brokerage Entitlements & Authorization Services,
Brokerage Asset Servicing,Investment Servicing,Brokerage Recordkeeping Services,Transaction Management,Trade Management,Clearance & Settlement
Brokerage Asset Servicing,Investment Servicing,Brokerage Recordkeeping Services,Post Trade Processing Management,Books and Records Management,
Brokerage Asset Servicing,Investment Servicing,Brokerage Recordkeeping Services,Common Services & Utilities Management,Basket Management,
Brokerage Asset Servicing,Investment Servicing,Brokerage Recordkeeping Services,Trade Management Services,Risk Management,
Brokerage Asset Servicing,Investment Servicing,Brokerage Recordkeeping Services,Trade Management Services,,
Brokerage Asset Servicing,Investment Servicing,Brokerage Recordkeeping Services,Trade Management Services,Regulatory Reporting,
Brokerage Asset Servicing,Investment Servicing,Brokerage Recordkeeping Services,Trade Management Services,Order Management,
Brokerage Asset Servicing,Investment Servicing,Brokerage Recordkeeping Services,Trade Management Services,Market & Routing Management,
Investment Management,Investment Servicing,Investment Management,Investment Research,,
Investment Management,Investment Servicing,Investment Management,Shared Software & Technology,,
Investment Management,Investment Servicing,Investment Management,Digital Asset Management,,
Investment Management,Investment Servicing,Investment Management,Shared Software & Technology,Data Management,
Investment Management,Investment Servicing,Investment Management,Shared Software & Technology,User Experience Management,User Notification
Investment Management,Investment Servicing,Investment Management,Portfolio Management,,
Investment Management,Investment Servicing,Investment Management,Managed Account Management,,
Investment Management,Investment Servicing,Investment Management,Fund Oversight,,
Investment Management,Investment Servicing,Investment Management,Investment Trade Management,,
Investment Management,Investment Servicing,Investment Management,Shared Software & Technology,Analytics & Insights,
Investment Management,Investment Servicing,Investment Management,Shared Software & Technology,Data Management,Data Quality Management
Investment Management,Investment Servicing,Investment Management,Investment Compliance,,
Investment Management,Investment Servicing,Investment Management,Shared Software & Technology,Data Integration,
Investment Management,Investment Servicing,Investment Management,Investment Trade Management,Securities Lending,Securities Lending Inventory Management
Investment Management,Investment Servicing,Investment Management,Investment Risk Management,,
Investment Management,Investment Servicing,Investment Management,Shared Software & Technology,Data Access,
Investment Management,Investment Servicing,Investment Management,Alternatives Management,,
Portfolio Management,Investment Servicing,Investment Management,Investment Research,,
Portfolio Management,Investment Servicing,Investment Management,Shared Software & Technology,,
Portfolio Management,Investment Servicing,Investment Management,Digital Asset Management,,
Portfolio Management,Investment Servicing,Investment Management,Shared Software & Technology,Data Management,
Portfolio Management,Investment Servicing,Investment Management,Shared Software & Technology,User Experience Management,User Notification
Portfolio Management,Investment Servicing,Investment Management,Portfolio Management,,
Portfolio Management,Investment Servicing,Investment Management,Managed Account Management,,
Portfolio Management,Investment Servicing,Investment Management,Fund Oversight,,
Portfolio Management,Investment Servicing,Investment Management,Investment Trade Management,,
Portfolio Management,Investment Servicing,Investment Management,Shared Software & Technology,Analytics & Insights,
Portfolio Management,Investment Servicing,Investment Management,Shared Software & Technology,Data Management,Data Quality Management
Portfolio Management,Investment Servicing,Investment Management,Investment Compliance,,
Portfolio Management,Investment Servicing,Investment Management,Shared Software & Technology,Data Integration,
Portfolio Management,Investment Servicing,Investment Management,Investment Trade Management,Securities Lending,Securities Lending Inventory Management
Portfolio Management,Investment Servicing,Investment Management,Investment Risk Management,,
Portfolio Management,Investment Servicing,Investment Management,Shared Software & Technology,Data Access,
Portfolio Management,Investment Servicing,Investment Management,Alternatives Management,,
Trade Management,Investment Servicing,,,,
Profiling Management,Investment Servicing,,,,
Financial Profile Management,Investment Servicing,,,,
Investment Operations,Investment Servicing,Investment Operations,,,
Investment Operations,Investment Servicing,Investment Operations,Market Data Management,,
Investment Operations,Investment Servicing,Investment Operations,Performance Measurement,,
Investment Operations,Investment Servicing,Investment Operations,NAV Management,Accounting,
Investment Operations,Investment Servicing,Investment Operations,Investible Cash Management,,
Investment Operations,Investment Servicing,Investment Operations,Positions Management,,
Investment Operations,Investment Servicing,Investment Operations,Advisory Services,Commissions,
Investment Operations,Investment Servicing,Investment Operations,Tax,,
Investment Operations,Investment Servicing,Investment Operations,Regulatory Reporting,,
Investment Operations,Investment Servicing,Investment Operations,NAV Management,,
Investment Operations,Investment Servicing,Investment Operations,NAV Management,Pricing,
Investment Operations,Investment Servicing,Investment Operations,NAV Management,Transfer Agents Accounting & Control,
Employer Management,Employee Operations,Benefits Management,Shared Software & Technology,Benefits Management User Experiences,
Employer Management,Employee Operations,Benefits Management,Workplace Advisory Services,,
Employer Management,Employee Operations,Benefits Management,Benefits Design & Implementation,Benefits Plan Design Management,
Employer Management,Employee Operations,Benefits Management,Benefits Participation Management,Benefits Participant Relationship Management,
Employer Management,Employee Operations,Benefits Management,Benefits Design & Implementation,Benefits Guidance & Education,
Employer Management,Employee Operations,Benefits Management,Benefits Contributions Management,,
Employer Management,Employee Operations,Benefits Management,Benefits Exceptions Management,,
Employer Management,Employee Operations,Benefits Management,Benefits Financial Operations,Benefits Management Utilities,
Employer Management,Employee Operations,Benefits Management,Benefits Third Party Services Management,,
Employer Management,Employee Operations,Benefits Management,Benefits Financial Operations,,
Employer Management,Employee Operations,Benefits Management,Benefits Assets Management,,
Employer Management,Employee Operations,Benefits Management,Payroll Integration Management,,
Employer Management,Employee Operations,Benefits Management,Benefits Record Keeping,,
Employer Management,Employee Operations,Benefits Management,Benefits Design & Implementation,,
Employer Management,Employee Operations,Benefits Management,Benefits Assets Management,Benefits Portfolio Management,
Employer Management,Employee Operations,Benefits Management,Benefits Assets Management,Managed Retirement Accounts,Advisor Elections
Employer Management,Employee Operations,Benefits Management,Benefits Assets Management,Benefits Portfolio Management,Investment Elections
Employer Management,Employee Operations,Benefits Management,Benefits Assets Management,Managed Retirement Accounts,
Employer Management,Employee Operations,Benefits Management,Benefits Participation Management,,
Employer Management,Employee Operations,Benefits Management,Benefits Management Analytics & Reporting,,
Employer Management,Employee Operations,Benefits Management,Benefits Distributions Management,,
Employer Management,Employee Operations,Benefits Management,Benefits Design & Implementation,Business Rules Management,
Employer Management,Employee Operations,Benefits Management,Benefits Compliance Management,,
Employer Management,Employee Operations,Benefits Management,Shared Software & Technology,,
Employer Management,Employee Operations,Benefits Management,Client Management,,
Employer Management,Employee Operations,Benefits Management,Benefits Financial Operations,Investment Operations,
Employer Management,Employee Operations,Benefits Management,Benefits Financial Operations,Fee & Billing,
Employer Management,Employee Operations,Benefits Management,Equity Compensation Management,,
Employer Management,Employee Operations,Benefits Management,Debt Servicing,,
Employer Management,Employee Operations,Benefits Management,Benefits Record Keeping,Account Maintenance,
Employer Management,Employee Operations,Benefits Management,Fiduciary Services Management,,
Employer Management,Employee Operations,Benefits Management,Benefits Record Keeping,Bookkeeping,
Employer Management,Employee Operations,Benefits Management,Benefits Distributions Management,Plan Loan Services,
Employer Management,Employee Operations,Benefits Management,Benefits Participation Management,Benefits Eligibility Determination,
Employer Management,Employee Operations,Benefits Management,Benefits Communications,Guidance & Notifications,
Employer Management,Employee Operations,Benefits Management,Benefits Payments Management,Health Digital Payments Management,
Employer Management,Employee Operations,Benefits Management,Benefits Claim Management,,
Employer Management,Employee Operations,Benefits Management,Benefits Enrollment,Benefits Modeling & Recommendation,
Human Resources & Workforce Management,Employee Operations,,,,
"Legal, Risk, Compliance & Surveillance",Employee Operations,,,,
"Finance, Accounting, & Procurement",Employee Operations,,,,
Customer Management,Customer Management,,,,
Content Management,Customer Management,,,,
Communication Management,Customer Management,,,,
Investment Professionals Management,Institutional Servicing,,,,
Institution Management,Institutional Servicing,,,,
Identity & Access Management,Technology Management,,,,
Cyber & Security Services,Technology Management,,,,
Tech & Service Management,Technology Management,,,,
Common Reference Data,Other,,,,
Document Management,Other,,,,
Charitable Giving,Other,Charitable Giving,,,
Charitable Giving,Other,Charitable Giving,Exchanges and transfers,,
Charitable Giving,Other,Charitable Giving,Giving Accounts,,
Charitable Giving,Other,Charitable Giving,Charitable Transaction Bookkeeping,,
Charitable Giving,Other,Charitable Giving,Advisor Experience Management,,
Charitable Giving,Other,Charitable Giving,Reporting and analytics,,
Charitable Giving,Other,Charitable Giving,User and entitlement management,,
Charitable Giving,Other,Charitable Giving,Contributions,,
Charitable Giving,Other,Charitable Giving,Grants,,
Charitable Giving,Other,Charitable Giving,Charitable Investments,,
Charitable Giving,Other,Charitable Giving,Donor Experience,,
Charitable Giving,Other,Charitable Giving,Charitable Rep Experience,,
Charitable Giving,Other,Charitable Giving,Non Profit Organizations,,
Charitable Giving,Other,Charitable Giving,Charitable Investment Management,,
Charitable Giving,Other,Charitable Giving,Fundraising,,
Charitable Giving,Other,Charitable Giving,Business Process Management,,
Charitable Giving,Other,Charitable Giving,Shared Software & Technology,,
Charitable Giving,Other,Charitable Giving,Communications,,
Charitable Giving,Other,Charitable Giving,Marketing,,
Charitable Giving,Other,Charitable Giving,Fee billing,,
Experience Management,Other,,,,
Contact Center Management,Other,,,,