capability_id,capability_name,level,parent_capability_id,business_domain,sub_domain,data_ontology,taxonomy_anchors,description,status
CAP-RWPA,Wealth Planning & Advice,1,,Retail Wealth Planning & Advisory,,Wealth Planning Ontology,products-and-services.planning-and-guidance-services,"Helping retail customers set, plan for and track financial goals, self-directed or advised.",provisional
CAP-RWPA-01,Goal-Based Planning,2,CAP-RWPA,Retail Wealth Planning & Advisory,"Self-Directed Wealth Planning, Insights & Analytics",Wealth Planning Ontology,customers.customer-intelligence-and-analytics.customer-financial-goals-and-plans;products-and-services.planning-and-guidance-services,"Customers define financial goals and build plans to reach them using digital tools.",provisional
CAP-RWPA-02,Retirement Income Projection,2,CAP-RWPA,Retail Wealth Planning & Advisory,"Self-Directed Wealth Planning, Insights & Analytics",Wealth Planning Ontology,common-reference.mortality-tables;accounts.brokerage-accounts.account-balances-and-positions;portfolios.holdings-and-assets,"Projecting retirement outcomes from balances, contributions and life-expectancy assumptions.",provisional
CAP-RWPA-03,Financial Wellness Assessment,2,CAP-RWPA,Retail Wealth Planning & Advisory,"Self-Directed Wealth Planning, Insights & Analytics",Wealth Planning Ontology,customers.customer-intelligence-and-analytics.customer-financial-health-scores;products-and-services.financial-wellness-services,"Scoring and explaining a customer's overall financial health.",provisional
CAP-RWPA-04,Planning Insights & Analytics,2,CAP-RWPA,Retail Wealth Planning & Advisory,"Self-Directed Wealth Planning, Insights & Analytics",Wealth Planning Ontology,customers.customer-intelligence-and-analytics.customer-portfolio-analytics;interactions.mobile-web-interactions-and-click-history,"Generating educational, non-personalized insights and nudges from a customer's plan and portfolio.",provisional
CAP-RWPA-05,Personalized Advice,2,CAP-RWPA,Retail Wealth Planning & Advisory,Advised Planning & Advice,Advice Ontology,products-and-services.personalized-planning-and-guidance-services;clients.client-products-and-services.client-personalized-planning-and-advice,"Personalized recommendations delivered by or under the supervision of licensed associates.",provisional
CAP-CCM,Customer Management,1,,Customer & Client Management,,Party Ontology,customers,"Knowing, identifying and serving customers and clients.",provisional
CAP-CCM-01,Customer Identity & Access,2,CAP-CCM,Customer & Client Management,Customer Identity,Party Ontology,customers.customer-identity-and-access,"Identifying and authenticating customers and managing their entitlements.",provisional
CAP-CCM-02,Customer Profile Management,2,CAP-CCM,Customer & Client Management,Customer Profile,Party Ontology,customers.customer-profile,"Maintaining a customer's employment, life-event, financial and risk profile.",provisional
CAP-ABS,Account Servicing,1,,Accounts & Brokerage Servicing,,Account Ontology,accounts,"Opening, maintaining and reporting on customer accounts.",provisional
CAP-ABS-01,Balances & Positions,2,CAP-ABS,Accounts & Brokerage Servicing,Brokerage Accounts,Account Ontology,accounts.brokerage-accounts.account-balances-and-positions,"Maintaining authoritative account balances and positions.",provisional
CAP-LRC,Risk & Compliance Management,1,,"Legal, Risk & Compliance",,Risk & Compliance Ontology,legal-risk-compliance-and-surveillance,"Managing legal, regulatory, compliance and surveillance obligations.",provisional
CAP-LRC-01,Records Management,2,CAP-LRC,"Legal, Risk & Compliance",Enterprise Records,Records Ontology,legal-risk-compliance-and-surveillance.enterprise-risk.content-retention-and-management,"Retention, disposition and legal hold of business records.",provisional
CAP-LRC-02,Surveillance,2,CAP-LRC,"Legal, Risk & Compliance",Surveillance,Risk & Compliance Ontology,legal-risk-compliance-and-surveillance.surveillance-and-fraud-detection,"Detecting and investigating conduct and fraud risks.",provisional
CAP-ERD,Reference Data Management,1,,Enterprise Reference Data,,Reference Data Ontology,common-reference,"Managing shared reference data such as locations, calendars, currencies and mortality tables.",provisional
